{
      "79516":{
         "weight":127,
         "ads":{
            "484003":{
               "adparams":{
                  "format":"video",
                  "image-height":"50",
                  "image-width":"320",
                  "ad-orientation":"portrait",
                  "disable-media-cache":1,
                  "vserv-impression":"vservHandleEvent(vAd8be5cfea,0);",
                  "delay":0,
                  "video-duration":"9",
                  "request-id":"4841_484003_8be5cfea_[ccb]"
               },
               "ad":"<?xml version=\"1.0\" encoding=\"UTF-8\"?><VAST version=\"2.0\"><Ad id=\"484003\"><InLine><AdSystem>VMAX</AdSystem><AdTitle><![CDATA[JioCinema_9Sec]]></AdTitle><Impression><![CDATA[https://jioads.akamaized.net/tracking/i.gif?b=484003&c=79516&zoneid=4841&cb=8be5cfea&ufc=-1&zae=2&OACCAP=-1&advid=[advid]&vr=[vr]&ua=[ua]&co=IN&st=[st]&ci=[ci]&uid=[uid]&mid=[mid]&ml=video&cnt=626&mser=cdn&vuid=&zt=a&dd=0&pid=79516&app=1&sp=&ai=com.jio.callkittest&fca=1&fcva=2&cpmt=0&cpct=0&cpat=0&cpcvt=0&pb=0.25%7C0.5%7C0.75%7C1.25%7C1.5&srcid=4841.C626&zat=4&csz=video&vcpi=10&dvb=Samsung&dvm=J701F&dvmn=Galaxy+J7+Nxt&dvbr=Chrome+Mobile&dvbv=&apnid=&bs=320x50&os=iOS&osv=8.1&osid=10&vpi=10&ute=1&ccb=[ccb]]]></Impression><Description><![CDATA[JioCinema_9Sec]]></Description><Creatives><Creative sequence=\"1\" id=\"484003\"><Linear><Duration>00:00:09</Duration><TrackingEvents><Tracking event=\"start\"><![CDATA[https://ad.doubleclick.net/ddm/trackimp/N1020132.3??product=[ck_product]&ad=[ck_ad]&channelname=[ck_channelname]&genre=[ck_genre]=category=[ck_category]&sachin=[ck_sachin]&type=[ck_type]]]></Tracking><Tracking event=\"start\"><![CDATA[https://ad.doubleclick.net/ddm/trackimp/N1020132.3??product=[ck_product]&ad=[ck_ad]&channelname=[ck_channelname]&genre=[ck_genre]=category=[ck_category]&sachin=[ck_sachin]&type=[ck_type]]]></Tracking><Tracking event=\"start\"><![CDATA[https://jioads.akamaized.net/tracking/e.gif?ccb=[ccb]&advid=[advid]&trnid=4841_484003_8be5cfea&event=start&vr=[vr]&IDFA=&]]></Tracking><Tracking event=\"firstQuartile\"><![CDATA[https://jioads.akamaized.net/tracking/e.gif?ccb=[ccb]&advid=[advid]&trnid=4841_484003_8be5cfea&event=firstQuartile&vr=[vr]&IDFA=&]]></Tracking><Tracking event=\"midpoint\"><![CDATA[https://jioads.akamaized.net/tracking/e.gif?ccb=[ccb]&advid=[advid]&trnid=4841_484003_8be5cfea&event=midpoint&vr=[vr]&IDFA=&]]></Tracking><Tracking event=\"thirdQuartile\"><![CDATA[https://jioads.akamaized.net/tracking/e.gif?ccb=[ccb]&advid=[advid]&trnid=4841_484003_8be5cfea&event=thirdQuartile&vr=[vr]&IDFA=&]]></Tracking><Tracking event=\"mute\"><![CDATA[https://jioads.akamaized.net/tracking/e.gif?ccb=[ccb]&advid=[advid]&trnid=4841_484003_8be5cfea&event=mute&vr=[vr]&IDFA=&]]></Tracking><Tracking event=\"unmute\"><![CDATA[https://jioads.akamaized.net/tracking/e.gif?ccb=[ccb]&advid=[advid]&trnid=4841_484003_8be5cfea&event=unmute&vr=[vr]&IDFA=&]]></Tracking><Tracking event=\"pause\"><![CDATA[https://jioads.akamaized.net/tracking/e.gif?ccb=[ccb]&advid=[advid]&trnid=4841_484003_8be5cfea&event=pause&vr=[vr]&IDFA=&]]></Tracking><Tracking event=\"resume\"><![CDATA[https://jioads.akamaized.net/tracking/e.gif?ccb=[ccb]&advid=[advid]&trnid=4841_484003_8be5cfea&event=resume&vr=[vr]&IDFA=&]]></Tracking><Tracking event=\"skip\"><![CDATA[https://jioads.akamaized.net/tracking/e.gif?ccb=[ccb]&advid=[advid]&trnid=4841_484003_8be5cfea&event=skip&vr=[vr]&IDFA=&]]></Tracking><Tracking event=\"complete\"><![CDATA[https://jioads.akamaized.net/tracking/v.gif?b=484003&c=79516&zoneid=4841&cb=8be5cfea&ufc=-1&zae=2&OACCAP=-1&advid=[advid]&vr=[vr]&ua=[ua]&co=IN&st=[st]&ci=[ci]&uid=[uid]&mid=[mid]&ml=video&cnt=626&mser=cdn&vuid=&zt=a&dd=0&pid=79516&app=1&sp=&ai=com.jio.callkittest&fca=1&fcva=2&cpmt=0&cpct=0&cpat=0&cpcvt=0&pb=0.25%7C0.5%7C0.75%7C1.25%7C1.5&srcid=4841.C626&zat=4&csz=video&vcpi=10&dvb=Samsung&dvm=J701F&dvmn=Galaxy+J7+Nxt&dvbr=Chrome+Mobile&dvbv=&apnid=&bs=320x50&os=iOS&osv=8.1&osid=10&vpi=10&ute=1&ccb=[ccb]]]></Tracking></TrackingEvents><VideoClicks><ClickThrough><![CDATA[https://www.jio.com/recharge_wbooster]]></ClickThrough><ClickTracking><![CDATA[https://ajdivotclibloab24.jio.com/delivery/ck.php?p=2__b=484003__zoneid=4841__cb=8be5cfea__dc=1800__cd=jio_cluster-1617736579__c=79516__zae=2__cai=50175__ml=video__cnt=626__mser=cdn__vuid=__zt=a__dd=0__pid=79516__app=1__sp=__ai=com.jio.callkittest__fca=1__fcva=2__cpmt=0__cpct=0__cpat=0__cpcvt=0__pb=0.25%7C0.5%7C0.75%7C1.25%7C1.5__srcid=4841.C626__zat=4__csz=video__vcpi=10__dvb=Samsung__dvm=J701F__dvmn=Galaxy+J7+Nxt__dvbr=Chrome+Mobile__dvbv=__co=IN__apnid=__bs=320x50__c=79516__os=iOS__osv=8.1__osid=10__vpi=10__ute=1__ccb=[ccb]__advid=[advid]__uid=[uid]__vr=[vr]__ua=[ua]__co=[co]__st=[st]__ci=[ci]__r=https%3A%2F%2Fwww.jio.com%2Frecharge_wbooster&trackonly=1]]></ClickTracking></VideoClicks><MediaFiles><MediaFile delivery=\"progressive\" bitrate=\"422\" width=\"640\" height=\"360\" type=\"video/mp4\"><![CDATA[https://jioads.akamaized.net/v/vast/79516_2_166b_sd.mp4?4841.C626_484003_8be5cfea_[vr]]]></MediaFile></MediaFiles></Linear></Creative></Creatives><Extensions><Extension><deeplinkurl><![CDATA[myjio://com.jio.myjio/dashboard]]></deeplinkurl></Extension></Extensions></InLine></Ad></VAST>",
               "mod":{
                  "status-urls":[
                     "https://jioads.akamaized.net/ad_instructions/cap_4841_484003.json?ccb=[ccb]"
                  ]
               }
            },
"482571": {
                                "adparams": {
                                    "format": "video",
                                    "image-height": "480",
                                    "image-width": "320",
                                    "ad-orientation": "portrait",
                                    "disable-media-cache": 1,
                                    "vserv-impression": "vservHandleEvent(vAde182db88,0);",
                                    "delay": -1,
                                    "video-duration": "59",
                                    "request-id": "392_482571_e182db88_[ccb]",
                                    "language": "English",
                                    "is-fallback-ad": 1
                                },
                                "ad": "<?xml version=\"1.0\" encoding=\"UTF-8\"?><VAST version=\"2.0\"><Ad id=\"482571\"><InLine><AdSystem>VMAX</AdSystem><AdTitle><![CDATA[Copy_Test VDO 29 Sec]]></AdTitle><Impression><![CDATA[https://jioads.akamaized.net/tracking/i.gif?b=482571&c=79392&zoneid=392&cb=e182db88&ufc=-1&zae=2&OACCAP=-1&advid=[advid]&vr=[vr]&ua=[ua]&co=IN&st=[st]&ci=[ci]&uid=[uid]&mid=[mid]&ml=video&cnt=626&mser=cdn&vuid=&zt=a&dd=0&pid=79392&app=1&sp=&ai=com.jio.callkittest&fca=1&fcva=2&cpmt=0&cpct=0&cpat=0&cpcvt=0&pb=0.25%7C0.5%7C0.75%7C1.25%7C1.5&srcid=392.C626&zat=4&csz=video&vcpi=10&dvb=Samsung&dvm=J701F&dvmn=Galaxy+J7+Nxt&dvbr=Chrome+Mobile&dvbv=&apnid=&bs=320x480&os=iOS&osv=8.1&osid=10&vpi=10&ute=1&ccb=[ccb]]]></Impression><Description><![CDATA[Copy_Test VDO 29 Sec]]></Description><Creatives><Creative sequence=\"1\" id=\"482571\"><Linear><Duration>00:00:59</Duration><TrackingEvents><Tracking event=\"start\"><![CDATA[https://jioads.akamaized.net/tracking/e.gif?ccb=[ccb]&advid=[advid]&trnid=392_482571_e182db88&event=start&vr=[vr]&IDFA=&]]></Tracking><Tracking event=\"firstQuartile\"><![CDATA[https://jioads.akamaized.net/tracking/e.gif?ccb=[ccb]&advid=[advid]&trnid=392_482571_e182db88&event=firstQuartile&vr=[vr]&IDFA=&]]></Tracking><Tracking event=\"midpoint\"><![CDATA[https://jioads.akamaized.net/tracking/e.gif?ccb=[ccb]&advid=[advid]&trnid=392_482571_e182db88&event=midpoint&vr=[vr]&IDFA=&]]></Tracking><Tracking event=\"thirdQuartile\"><![CDATA[https://jioads.akamaized.net/tracking/e.gif?ccb=[ccb]&advid=[advid]&trnid=392_482571_e182db88&event=thirdQuartile&vr=[vr]&IDFA=&]]></Tracking><Tracking event=\"mute\"><![CDATA[https://jioads.akamaized.net/tracking/e.gif?ccb=[ccb]&advid=[advid]&trnid=392_482571_e182db88&event=mute&vr=[vr]&IDFA=&]]></Tracking><Tracking event=\"unmute\"><![CDATA[https://jioads.akamaized.net/tracking/e.gif?ccb=[ccb]&advid=[advid]&trnid=392_482571_e182db88&event=unmute&vr=[vr]&IDFA=&]]></Tracking><Tracking event=\"pause\"><![CDATA[https://jioads.akamaized.net/tracking/e.gif?ccb=[ccb]&advid=[advid]&trnid=392_482571_e182db88&event=pause&vr=[vr]&IDFA=&]]></Tracking><Tracking event=\"resume\"><![CDATA[https://jioads.akamaized.net/tracking/e.gif?ccb=[ccb]&advid=[advid]&trnid=392_482571_e182db88&event=resume&vr=[vr]&IDFA=&]]></Tracking><Tracking event=\"complete\"><![CDATA[https://jioads.akamaized.net/tracking/v.gif?b=482571&c=79392&zoneid=392&cb=e182db88&ufc=-1&zae=2&OACCAP=-1&advid=[advid]&vr=[vr]&ua=[ua]&co=IN&st=[st]&ci=[ci]&uid=[uid]&mid=[mid]&ml=video&cnt=626&mser=cdn&vuid=&zt=a&dd=0&pid=79392&app=1&sp=&ai=com.jio.callkittest&fca=1&fcva=2&cpmt=0&cpct=0&cpat=0&cpcvt=0&pb=0.25%7C0.5%7C0.75%7C1.25%7C1.5&srcid=392.C626&zat=4&csz=video&vcpi=10&dvb=Samsung&dvm=J701F&dvmn=Galaxy+J7+Nxt&dvbr=Chrome+Mobile&dvbv=&apnid=&bs=320x480&os=iOS&osv=8.1&osid=10&vpi=10&ute=1&ccb=[ccb]]]></Tracking></TrackingEvents><VideoClicks><ClickThrough><![CDATA[https://www.jio.com?product=[ck_product]&ad=[ck_ad]&channelname=[ck_channelname]&genre=[ck_genre]=category=[ck_category]&type=[ck_type]]]></ClickThrough><ClickTracking><![CDATA[https://ajdivotclibloab24.jio.com/delivery/ck.php?p=2__b=482571__zoneid=392__cb=e182db88__dc=1800__cd=jio_cluster-1617736584__c=79392__zae=2__cai=50175__ml=video__cnt=626__mser=cdn__vuid=__zt=a__dd=0__pid=79392__app=1__sp=__ai=com.jio.callkittest__fca=1__fcva=2__cpmt=0__cpct=0__cpat=0__cpcvt=0__pb=0.25%7C0.5%7C0.75%7C1.25%7C1.5__srcid=392.C626__zat=4__csz=video__vcpi}=10__dvb=Samsung__dvm=J701F__dvmn=Galaxy+J7+Nxt__dvbr=Chrome+Mobile__dvbv=__co=IN__apnid=__bs=320x480__c=79392__os=iOS__osv=8.1__osid=10__vpi=10__ute=1__ccb=[ccb]__advid=[advid]__uid=[uid]__vr=[vr]__ua=[ua]__co=[co]__st=[st]__ci=[ci]__r=https%3A%2F%2Fwww.jio.com%3Fproduct%3D%5Bck_product%5D%26ad%3D%5Bck_ad%5D%26channelname%3D%5Bck_channelname%5D%26genre%3D%5Bck_genre%5D%3Dcategory%3D%5Bck_category%5D%26type%3D%5Bck_type%5D&trackonly=1]]></ClickTracking></VideoClicks><MediaFiles><MediaFile delivery=\"progressive\" bitrate=\"1245\" width=\"1280\" height=\"720\" type=\"video/mp4\"><![CDATA[https://jioads.akamaized.net/v/vast/79392_53654e0188ff92285c8547f34b691f60.mp4?392.C626_482571_e182db88_[vr]]]></MediaFile></MediaFiles></Linear></Creative></Creatives><Extensions></Extensions></InLine></Ad></VAST>",
                                "mod": {
                                    "status-urls": [
                                        "https://jioads.akamaized.net/ad_instructions/cap_392_482571.json?ccb=[ccb]"
                                    ]
                                }
                            }
         },
         "mod":{
            "status-beacons":[
               "https://jioads.akamaized.net/campaign_beacon/cap_79516.gif?ccb=[ccb]",
               "https://jioads.akamaized.net/adspot_campaign_beacon/cap_4841_79516.gif?ccb=[ccb]"
            ]
         }
      }
}
