
{
    "statusCode": 200,
    "success": true,
    "result": {
        "asi": {
            "dc9d1c58": {
                "config": {
                    "te": "1",
                    "ma": "1",
                    "at": "5",
                    "rwin": "0",
                    "adrt": "0",
                    "mdt": "0",
                    "plr": "0",
                    "nwhit": "0",
                    "pod": "0",
                    "podc": ""
                },
                "cmps": {
                    "dd": {
                        "13054": {
                            "wt": "100",
                            "ads": {
                                "24094": {
                                    "ad": "<VAST version=\"4.0\" xmlns=\"http://www.iab.com/VAST\">\n  <Ad id=\"20004\" sequence=\"1\" conditionalAd=\"false\">\n    <InLine>\n      <AdSystem version=\"4.0\">iabtechlab</AdSystem>\n      <Error>http://example.com/error</Error>\n      <Extensions>\n        <Extension type=\"iab-Count\">\n          <total_available>\n            <![CDATA[ 2 ]]>\n          </total_available>\n        </Extension>\n      </Extensions>\n      <Impression id=\"Impression-ID\">http://example.com/track/impression</Impression>\n      <Pricing model=\"cpm\" currency=\"USD\">\n        <![CDATA[ 25.00 ]]>\n      </Pricing>\n      <AdTitle>\n        <![CDATA[VAST 4.0 Pilot - Scenario 5]]>\n      </AdTitle>\n      <Creatives>\n        <Creative id=\"5480\" sequence=\"1\" adId=\"2447226\">\n          <CompanionAds>\n            <Companion id=\"1231\" width=\"300\" height=\"250\" adSlotId=\"1231\" pxratio=\"1400\">\n              <StaticResource creativeType=\"image/png\">\n                <![CDATA[https://www.iab.com/wp-content/uploads/2014/09/iab-tech-lab-6-644x290.png]]>\n              </StaticResource>\n              <CompanionClickThrough>\n                <![CDATA[https://iabtechlab.com]]>\n              </CompanionClickThrough>\n              <AdParameters>\n                <![CDATA[{\"show_after_vs\":\"0\",\"show_for_after_ve\":\"0\"}]]>\n              </AdParameters>\n            </Companion>\n            <Companion id=\"12311\" width=\"300\" height=\"250\" adSlotId=\"1231\" pxratio=\"1400\">\n              <StaticResource creativeType=\"image/png\">\n                <![CDATA[https://www.iab.com/wp-content/uploads/2014/09/iab-tech-lab-6-644x290.png]]>\n              </StaticResource>\n              <CompanionClickThrough>\n                <![CDATA[https://iabtechlab.com]]>\n              </CompanionClickThrough>\n              <AdParameters>\n                <![CDATA[{\"show_after_vs\":\"0\",\"show_for_after_ve\":\"0\"}]]>\n              </AdParameters>\n            </Companion>\n            <Companion id=\"123111\" width=\"300\" height=\"250\" adSlotId=\"1231\" pxratio=\"1400\">\n              <StaticResource creativeType=\"image/png\">\n                <![CDATA[https://www.iab.com/wp-content/uploads/2014/09/iab-tech-lab-6-644x290.png]]>\n              </StaticResource>\n              <CompanionClickThrough>\n                <![CDATA[https://iabtechlab.com]]>\n              </CompanionClickThrough>\n              <AdParameters>\n                <![CDATA[{\"show_after_vs\":\"0\",\"show_for_after_ve\":\"0\"}]]>\n              </AdParameters>\n            </Companion>\n            <Companion id=\"1232\" width=\"300\" height=\"250\" adSlotId=\"1232\" pxratio=\"1400\">\n              <StaticResource creativeType=\"image/png\">\n                <![CDATA[https://www.iab.com/wp-content/uploads/2014/09/iab-tech-lab-6-644x290.png]]>\n              </StaticResource>\n              <CompanionClickThrough>\n                <![CDATA[https://iabtechlab.com]]>\n              </CompanionClickThrough>\n              <AdParameters>\n                <![CDATA[{\"show_after_vs\":\"0\",\"show_for_after_ve\":\"0\"}]]>\n              </AdParameters>\n            </Companion>\n            <Companion id=\"12322\" width=\"300\" height=\"250\" adSlotId=\"1232\" pxratio=\"1400\">\n              <StaticResource creativeType=\"image/png\">\n                <![CDATA[https://www.iab.com/wp-content/uploads/2014/09/iab-tech-lab-6-644x290.png]]>\n              </StaticResource>\n              <CompanionClickThrough>\n                <![CDATA[https://iabtechlab.com]]>\n              </CompanionClickThrough>\n              <AdParameters>\n                <![CDATA[{\"show_after_vs\":\"0\",\"show_for_after_ve\":\"0\"}]]>\n              </AdParameters>\n            </Companion>\n            <Companion id=\"1233\" width=\"300\" height=\"250\" adSlotId=\"1233\" pxratio=\"1400\">\n              <StaticResource creativeType=\"image/png\">\n                <![CDATA[https://www.iab.com/wp-content/uploads/2014/09/iab-tech-lab-6-644x290.png]]>\n              </StaticResource>\n              <CompanionClickThrough>\n                <![CDATA[https://iabtechlab.com]]>\n              </CompanionClickThrough>\n              <AdParameters>\n                <![CDATA[{\"show_after_vs\":\"0\",\"show_for_after_ve\":\"0\"}]]>\n              </AdParameters>\n            </Companion>\n            <Companion id=\"12333\" width=\"300\" height=\"250\" adSlotId=\"1233\" pxratio=\"1400\">\n              <StaticResource creativeType=\"image/png\">\n                <![CDATA[https://www.iab.com/wp-content/uploads/2014/09/iab-tech-lab-6-644x290.png]]>\n              </StaticResource>\n              <CompanionClickThrough>\n                <![CDATA[https://iabtechlab.com]]>\n              </CompanionClickThrough>\n              <AdParameters>\n                <![CDATA[{\"show_after_vs\":\"0\",\"show_for_after_ve\":\"0\"}]]>\n              </AdParameters>\n            </Companion>\n          </CompanionAds>\n          <UniversalAdId idRegistry=\"Ad-ID\" idValue=\"8465\">8465</UniversalAdId>\n        </Creative>\n        <Creative id=\"5480\" sequence=\"1\" adId=\"2447226\">\n          <Linear>\n            <TrackingEvents>\n              <Tracking event=\"start\">http://example.com/tracking/start</Tracking>\n              <Tracking event=\"firstQuartile\">http://example.com/tracking/firstQuartile</Tracking>\n              <Tracking event=\"midpoint\">http://example.com/tracking/midpoint</Tracking>\n              <Tracking event=\"thirdQuartile\">http://example.com/tracking/thirdQuartile</Tracking>\n              <Tracking event=\"complete\">http://example.com/tracking/complete</Tracking>\n              <Tracking event=\"progress\" offset=\"00:00:10\">http://example.com/tracking/progress-10</Tracking>\n            </TrackingEvents>\n            <Duration>00:00:16</Duration>\n            <MediaFiles>\n              <MediaFile id=\"5241\" delivery=\"progressive\" type=\"video/mp4\" bitrate=\"2000\" width=\"1280\" height=\"720\" minBitrate=\"1500\" maxBitrate=\"2500\" scalable=\"1\" maintainAspectRatio=\"1\" codec=\"H.264\">\n                <![CDATA[https://mercury.akamaized.net/jioMercury/stg/v/8129/20220202062449_mvpfid_4.mp4]]>\n              </MediaFile>\n              <MediaFile id=\"5244\" delivery=\"progressive\" type=\"video/mp4\" bitrate=\"1000\" width=\"854\" height=\"480\" minBitrate=\"700\" maxBitrate=\"1500\" scalable=\"1\" maintainAspectRatio=\"1\" codec=\"H.264\">\n                <![CDATA[https://mercury.akamaized.net/jioMercury/stg/v/8129/20220202062449_mvpfid_4.mp4]]>\n              </MediaFile>\n              <MediaFile id=\"5246\" delivery=\"progressive\" type=\"video/mp4\" bitrate=\"600\" width=\"640\" height=\"360\" minBitrate=\"500\" maxBitrate=\"700\" scalable=\"1\" maintainAspectRatio=\"1\" codec=\"H.264\">\n                <![CDATA[https://mercury.akamaized.net/jioMercury/stg/v/8129/20220202062449_mvpfid_4.mp4]]>\n              </MediaFile>\n            </MediaFiles>\n            <VideoClicks>\n              <ClickThrough id=\"blog\">\n                <![CDATA[https://iabtechlab.com]]>\n              </ClickThrough>\n            </VideoClicks>\n          </Linear>\n          <UniversalAdId idRegistry=\"Ad-ID\" idValue=\"8465\">8465</UniversalAdId>\n        </Creative>\n      </Creatives>\n      <Description>\n        <![CDATA[This is sample companion ad tag with Linear ad tag. This tag while showing video ad on the player, will show a companion ad beside the player where it can be fitted. At most 3 companion ads can be placed. Modify accordingly to see your own content. ]]>\n      </Description>\n    </InLine>\n  </Ad>\n</VAST>\n",
                                    "config": {
                                        "mdc": "0",
                                        "fbk": "0",
                                        "vce": {
                                            "type": 1,
                                            "time": 0
                                        },
                                        "vd": 30,
                                        "skd": "30",
                                        "ltc": "0",
                                        "fmt": "1",
                                        "cid": "582_6519_13054_24094_0_d45529eb10_[ccb]"
                                    },
                                    "mod": {
                                        "surl": [
                                            "https://mercury.akamaized.net/ai/adcap_6519_13054_24094.json?ccb=[ccb]"
                                        ],
                                        "trgt": {
                                            "cde": "mdt('md_chid','1772,1773', '!=')"
                                        }
                                    }
                                },
                                "24097": {
                                    "ad": "<VAST version=\"4.0\" xmlns=\"http://www.iab.com/VAST\">\n  <Ad id=\"20004\" sequence=\"1\" conditionalAd=\"false\">\n    <InLine>\n      <AdSystem version=\"4.0\">iabtechlab</AdSystem>\n      <Error>http://example.com/error</Error>\n      <Extensions>\n        <Extension type=\"iab-Count\">\n          <total_available>\n            <![CDATA[ 2 ]]>\n          </total_available>\n        </Extension>\n      </Extensions>\n      <Impression id=\"Impression-ID\">http://example.com/track/impression</Impression>\n      <Pricing model=\"cpm\" currency=\"USD\">\n        <![CDATA[ 25.00 ]]>\n      </Pricing>\n      <AdTitle>\n        <![CDATA[VAST 4.0 Pilot - Scenario 5]]>\n      </AdTitle>\n      <Creatives>\n        <Creative id=\"5480\" sequence=\"1\" adId=\"2447226\">\n          <CompanionAds>\n            <Companion id=\"1231\" width=\"300\" height=\"250\" adSlotId=\"1231\" pxratio=\"1400\">\n              <StaticResource creativeType=\"image/png\">\n                <![CDATA[https://www.iab.com/wp-content/uploads/2014/09/iab-tech-lab-6-644x290.png]]>\n              </StaticResource>\n              <CompanionClickThrough>\n                <![CDATA[https://iabtechlab.com]]>\n              </CompanionClickThrough>\n              <AdParameters>\n                <![CDATA[{\"show_after_vs\":\"0\",\"show_for_after_ve\":\"0\"}]]>\n              </AdParameters>\n            </Companion>\n            <Companion id=\"12311\" width=\"300\" height=\"250\" adSlotId=\"1231\" pxratio=\"1400\">\n              <StaticResource creativeType=\"image/png\">\n                <![CDATA[https://www.iab.com/wp-content/uploads/2014/09/iab-tech-lab-6-644x290.png]]>\n              </StaticResource>\n              <CompanionClickThrough>\n                <![CDATA[https://iabtechlab.com]]>\n              </CompanionClickThrough>\n              <AdParameters>\n                <![CDATA[{\"show_after_vs\":\"0\",\"show_for_after_ve\":\"0\"}]]>\n              </AdParameters>\n            </Companion>\n            <Companion id=\"123111\" width=\"300\" height=\"250\" adSlotId=\"1231\" pxratio=\"1400\">\n              <StaticResource creativeType=\"image/png\">\n                <![CDATA[https://www.iab.com/wp-content/uploads/2014/09/iab-tech-lab-6-644x290.png]]>\n              </StaticResource>\n              <CompanionClickThrough>\n                <![CDATA[https://iabtechlab.com]]>\n              </CompanionClickThrough>\n              <AdParameters>\n                <![CDATA[{\"show_after_vs\":\"0\",\"show_for_after_ve\":\"0\"}]]>\n              </AdParameters>\n            </Companion>\n            <Companion id=\"1232\" width=\"300\" height=\"250\" adSlotId=\"1232\" pxratio=\"1400\">\n              <StaticResource creativeType=\"image/png\">\n                <![CDATA[https://www.iab.com/wp-content/uploads/2014/09/iab-tech-lab-6-644x290.png]]>\n              </StaticResource>\n              <CompanionClickThrough>\n                <![CDATA[https://iabtechlab.com]]>\n              </CompanionClickThrough>\n              <AdParameters>\n                <![CDATA[{\"show_after_vs\":\"0\",\"show_for_after_ve\":\"0\"}]]>\n              </AdParameters>\n            </Companion>\n            <Companion id=\"12322\" width=\"300\" height=\"250\" adSlotId=\"1232\" pxratio=\"1400\">\n              <StaticResource creativeType=\"image/png\">\n                <![CDATA[https://www.iab.com/wp-content/uploads/2014/09/iab-tech-lab-6-644x290.png]]>\n              </StaticResource>\n              <CompanionClickThrough>\n                <![CDATA[https://iabtechlab.com]]>\n              </CompanionClickThrough>\n              <AdParameters>\n                <![CDATA[{\"show_after_vs\":\"0\",\"show_for_after_ve\":\"0\"}]]>\n              </AdParameters>\n            </Companion>\n            <Companion id=\"1233\" width=\"300\" height=\"250\" adSlotId=\"1233\" pxratio=\"1400\">\n              <StaticResource creativeType=\"image/png\">\n                <![CDATA[https://www.iab.com/wp-content/uploads/2014/09/iab-tech-lab-6-644x290.png]]>\n              </StaticResource>\n              <CompanionClickThrough>\n                <![CDATA[https://iabtechlab.com]]>\n              </CompanionClickThrough>\n              <AdParameters>\n                <![CDATA[{\"show_after_vs\":\"0\",\"show_for_after_ve\":\"0\"}]]>\n              </AdParameters>\n            </Companion>\n            <Companion id=\"12333\" width=\"300\" height=\"250\" adSlotId=\"1233\" pxratio=\"1400\">\n              <StaticResource creativeType=\"image/png\">\n                <![CDATA[https://www.iab.com/wp-content/uploads/2014/09/iab-tech-lab-6-644x290.png]]>\n              </StaticResource>\n              <CompanionClickThrough>\n                <![CDATA[https://iabtechlab.com]]>\n              </CompanionClickThrough>\n              <AdParameters>\n                <![CDATA[{\"show_after_vs\":\"0\",\"show_for_after_ve\":\"0\"}]]>\n              </AdParameters>\n            </Companion>\n          </CompanionAds>\n          <UniversalAdId idRegistry=\"Ad-ID\" idValue=\"8465\">8465</UniversalAdId>\n        </Creative>\n        <Creative id=\"5480\" sequence=\"1\" adId=\"2447226\">\n          <Linear>\n            <TrackingEvents>\n              <Tracking event=\"start\">http://example.com/tracking/start</Tracking>\n              <Tracking event=\"firstQuartile\">http://example.com/tracking/firstQuartile</Tracking>\n              <Tracking event=\"midpoint\">http://example.com/tracking/midpoint</Tracking>\n              <Tracking event=\"thirdQuartile\">http://example.com/tracking/thirdQuartile</Tracking>\n              <Tracking event=\"complete\">http://example.com/tracking/complete</Tracking>\n              <Tracking event=\"progress\" offset=\"00:00:10\">http://example.com/tracking/progress-10</Tracking>\n            </TrackingEvents>\n            <Duration>00:00:16</Duration>\n            <MediaFiles>\n              <MediaFile id=\"5241\" delivery=\"progressive\" type=\"video/mp4\" bitrate=\"2000\" width=\"1280\" height=\"720\" minBitrate=\"1500\" maxBitrate=\"2500\" scalable=\"1\" maintainAspectRatio=\"1\" codec=\"H.264\">\n                <![CDATA[https://mercury.akamaized.net/jioMercury/stg/v/8129/20220202062449_mvpfid_4.mp4]]>\n              </MediaFile>\n              <MediaFile id=\"5244\" delivery=\"progressive\" type=\"video/mp4\" bitrate=\"1000\" width=\"854\" height=\"480\" minBitrate=\"700\" maxBitrate=\"1500\" scalable=\"1\" maintainAspectRatio=\"1\" codec=\"H.264\">\n                <![CDATA[https://mercury.akamaized.net/jioMercury/stg/v/8129/20220202062449_mvpfid_4.mp4]]>\n              </MediaFile>\n              <MediaFile id=\"5246\" delivery=\"progressive\" type=\"video/mp4\" bitrate=\"600\" width=\"640\" height=\"360\" minBitrate=\"500\" maxBitrate=\"700\" scalable=\"1\" maintainAspectRatio=\"1\" codec=\"H.264\">\n                <![CDATA[https://mercury.akamaized.net/jioMercury/stg/v/8129/20220202062449_mvpfid_4.mp4]]>\n              </MediaFile>\n            </MediaFiles>\n            <VideoClicks>\n              <ClickThrough id=\"blog\">\n                <![CDATA[https://iabtechlab.com]]>\n              </ClickThrough>\n            </VideoClicks>\n          </Linear>\n          <UniversalAdId idRegistry=\"Ad-ID\" idValue=\"8465\">8465</UniversalAdId>\n        </Creative>\n      </Creatives>\n      <Description>\n        <![CDATA[This is sample companion ad tag with Linear ad tag. This tag while showing video ad on the player, will show a companion ad beside the player where it can be fitted. At most 3 companion ads can be placed. Modify accordingly to see your own content. ]]>\n      </Description>\n    </InLine>\n  </Ad>\n</VAST>\n",
                                    "config": {
                                        "mdc": "0",
                                        "fbk": "0",
                                        "vce": {
                                            "type": 1,
                                            "time": 0
                                        },
                                        "vd": 30,
                                        "skd": "30",
                                        "ltc": "0",
                                        "fmt": "1",
                                        "cid": "582_6519_13054_24097_0_d45529eb10_[ccb]"
                                    },
                                    "mod": {
                                        "surl": [
                                            "https://mercury.akamaized.net/ai/adcap_6519_13054_24097.json?ccb=[ccb]"
                                        ],
                                        "trgt": {
                                            "cde": "mdt('md_chid','1774,1775', '!=')"
                                        }
                                    }
                                }
                            }
                        }
                    }
                }
            }
        },
        "config": {
            "csl": "{\"csl\":1,\"sev\":[2,3,4]}",
            "ls": "{}",
            "ae": "1",
            "te": "1",
            "loc": "{\"cn\":\"India\",\"st\":\"Maharashtra\",\"ct\":\"Mumbai\",\"pn\":\"400070\"}"
        }
    },
    "errors": []
}
