{"title":"JioTV","objective":"1","campaignid":"75725","ctaText":"Watch Video","linkUrl":"","linkFallback":"https://www.jio.com?product=[ck_product]&ad=[ck_ad]&channelname=[ck_channelname]&genre=[ck_genre]=category=[ck_category]","desc":"Watch Online TV","rating":"","downloads":"","price":"","imageIcon":"https://jioads.akamaized.net/i/80x80_6/65d3edf8e5cce95cf0a8ec10b4ea0c3a.jpeg?5061.C626_477736_a746fcd2_[vr]","imageMain":"https://jioads.akamaized.net/i/1200x627_6/65d3edf8e5cce95cf0a8ec10b4ea0c3a.jpeg?5061.C626_477736_a746fcd2_[vr]","imageMedium":"","imageBanner":"","imageTile":"","additionalCreatives":{"240x260":"https://jioads.akamaized.net/i/240x260_6/65d3edf8e5cce95cf0a8ec10b4ea0c3a.jpeg?5061.C626_477736_a746fcd2_[vr]","320x184":"https://jioads.akamaized.net/i/320x184_6/65d3edf8e5cce95cf0a8ec10b4ea0c3a.jpeg?5061.C626_477736_a746fcd2_[vr]"},"video":"<?xml version='1.0' encoding='UTF-8'?><VAST version='2.0'><Ad id='477736'><InLine><AdSystem>VMAX</AdSystem><Creatives><Creative sequence='1' id='477736'><Linear><Duration>00:00:10</Duration><TrackingEvents><Tracking event='start'><![CDATA[https://jioads.akamaized.net/tracking/e.gif?ccb=[ccb]&advid=[advid]&trnid=5061_477736_a746fcd2&event=start&vr=[vr]&IDFA=&]]></Tracking><Tracking event='firstQuartile'><![CDATA[https://jioads.akamaized.net/tracking/e.gif?ccb=[ccb]&advid=[advid]&trnid=5061_477736_a746fcd2&event=firstQuartile&vr=[vr]&IDFA=&]]></Tracking><Tracking event='midpoint'><![CDATA[https://jioads.akamaized.net/tracking/e.gif?ccb=[ccb]&advid=[advid]&trnid=5061_477736_a746fcd2&event=midpoint&vr=[vr]&IDFA=&]]></Tracking><Tracking event='thirdQuartile'><![CDATA[https://jioads.akamaized.net/tracking/e.gif?ccb=[ccb]&advid=[advid]&trnid=5061_477736_a746fcd2&event=thirdQuartile&vr=[vr]&IDFA=&]]></Tracking><Tracking event='mute'><![CDATA[https://jioads.akamaized.net/tracking/e.gif?ccb=[ccb]&advid=[advid]&trnid=5061_477736_a746fcd2&event=mute&vr=[vr]&IDFA=&]]></Tracking><Tracking event='unmute'><![CDATA[https://jioads.akamaized.net/tracking/e.gif?ccb=[ccb]&advid=[advid]&trnid=5061_477736_a746fcd2&event=unmute&vr=[vr]&IDFA=&]]></Tracking><Tracking event='pause'><![CDATA[https://jioads.akamaized.net/tracking/e.gif?ccb=[ccb]&advid=[advid]&trnid=5061_477736_a746fcd2&event=pause&vr=[vr]&IDFA=&]]></Tracking><Tracking event='resume'><![CDATA[https://jioads.akamaized.net/tracking/e.gif?ccb=[ccb]&advid=[advid]&trnid=5061_477736_a746fcd2&event=resume&vr=[vr]&IDFA=&]]></Tracking><Tracking event='complete'><![CDATA[https://jioads.akamaized.net/tracking/v.gif?b=477736&c=75725&zoneid=5061&cb=a746fcd2&ufc=&zae=2&advid=[advid]&vr=[vr]&ua=[ua]&co=IN&st=[st]&ci=[ci]&uid=[uid]&mid=[mid]&ml=native&cnt=626&mser=cdn&vuid=&dat=4&dacp=3&zt=a&dd=0&pid=75725&app=1&sp=&ai=com.jio.callkittest&fca=1&fcva=2&cpmt=0&cpct=0&cpat=0&cpcvt=0&pb=0.25%7C0.5%7C0.75%7C1.25%7C1.5&srcid=5061.C626&zat=4&csz=native&vcpi=10&dvb=Samsung&dvm=J701F&dvmn=Galaxy+J7+Nxt&dvbr=Chrome+Mobile&dvbv=&apnid=&bs=320x50&os=iOS&osv=8.1&osid=10&vpi=10&ute=1&ccb=[ccb]]]></Tracking></TrackingEvents><MediaFiles><MediaFile delivery='progressive' bitrate='' width='' height='' type='video/mp4'><![CDATA[https://jioads.akamaized.net/v/vast/native_vid_75725_ba0b_sd.mp4?5061.C626_477736_a746fcd2_[vr]]]></MediaFile></MediaFiles></Linear></Creative></Creatives></InLine></Ad></VAST>","audio":"","sponsored":"Jio","desc2":"Play Movioes","likes":"","salePrice":"","phone":"","address":"","displayUrl":"","impTrackers":["https://jioads.akamaized.net/tracking/i.gif?b=477736&c=75725&zoneid=5061&cb=a746fcd2&ufc=&zae=2&advid=[advid]&vr=[vr]&ua=[ua]&co=IN&st=[st]&ci=[ci]&uid=[uid]&mid=[mid]&ml=native&cnt=626&mser=cdn&vuid=&dat=4&dacp=3&zt=a&dd=0&pid=75725&app=1&sp=&ai=com.jio.callkittest&fca=1&fcva=2&cpmt=0&cpct=0&cpat=0&cpcvt=0&pb=0.25%7C0.5%7C0.75%7C1.25%7C1.5&srcid=5061.C626&zat=4&csz=native&vcpi=10&dvb=Samsung&dvm=J701F&dvmn=Galaxy+J7+Nxt&dvbr=Chrome+Mobile&dvbv=&apnid=&bs=320x50&os=iOS&osv=8.1&osid=10&vpi=10&ute=1&ccb=[ccb]"],"clickTrackers":["https://ajdivotclibloab24.jio.com/delivery/ck.php?p=2__b=477736__zoneid=5061__cb=a746fcd2__dc=1800__cd=jio_cluster-1618514171__c=75725__zae=2__cai=50175__ml=native__cnt=626__mser=cdn__vuid=__dat=4__dacp=3__zt=a__dd=0__pid=75725__app=1__sp=__ai=com.jio.callkittest__fca=1__fcva=2__cpmt=0__cpct=0__cpat=0__cpcvt=0__pb=0.25%7C0.5%7C0.75%7C1.25%7C1.5__srcid=5061.C626__zat=4__csz=native__vcpi=10__dvb=Samsung__dvm=J701F__dvmn=Galaxy+J7+Nxt__dvbr=Chrome+Mobile__dvbv=__co=IN__apnid=__bs=320x50__c=75725__os=iOS__osv=8.1__osid=10__vpi=10__ute=1__ccb=[ccb]__advid=[advid]__uid=[uid]__vr=[vr]__ua=[ua]__co=[co]__st=[st]__ci=[ci]__r=https%3A%2F%2Fwww.jio.com%3Fproduct%3D%5Bck_product%5D%26ad%3D%5Bck_ad%5D%26channelname%3D%5Bck_channelname%5D%26genre%3D%5Bck_genre%5D%3Dcategory%3D%5Bck_category%5D&trackonly=1"],"customImage":"https://jioads.akamaized.net/i/1280x720_6/65d3edf8e5cce95cf0a8ec10b4ea0c3a.jpeg?5061.C626_477736_a746fcd2_[vr]","creativeViewTrackers":["https://jioads.akamaized.net/tracking/e.gif?ccb=[ccb]&advid=[advid]&trnid=5061_477736_a746fcd2&event=__creativeview_[dimension]"],"creativeClickTrackers":["https://jioads.akamaized.net/tracking/e.gif?ccb=[ccb]&advid=[advid]&trnid=5061_477736_a746fcd2&event=__creativeclick_[dimension]"]}
