<VAST version="4.0" xmlns="http://www.iab.com/VAST">
  <Ad id="20004" sequence="1" conditionalAd="false">
    <InLine>
      <AdSystem version="4.0">iabtechlab</AdSystem>
      <Error>http://example.com/error</Error>
      <Extensions>
        <Extension type="iab-Count">
          <total_available>
            <![CDATA[ 2 ]]>
          </total_available>
        </Extension>
      </Extensions>
      <Impression id="Impression-ID">http://example.com/track/impression</Impression>
      <Pricing model="cpm" currency="USD">
        <![CDATA[ 25.00 ]]>
      </Pricing>
      <AdTitle>
        <![CDATA[VAST 4.0 Pilot - Scenario 5]]>
      </AdTitle>
      <Creatives>
        <Creative id="5480" sequence="1" adId="2447226">
          <CompanionAds>
            <Companion id="1231" width="300" height="250" adSlotId="1" pxratio="1400">
              <StaticResource creativeType="image/png">
                <![CDATA[https://img.icons8.com/external-simple-solid-edt.graphics/344/external-Image-images-simple-solid-edt.graphics-7.png]]>
              </StaticResource>
              <CompanionClickThrough>
                <![CDATA[https://iabtechlab.com]]>
              </CompanionClickThrough>
              <AdParameters>
                <![CDATA[{"show_after_vs":"2","show_for_after_ve":"0"}]]>
              </AdParameters>
            </Companion>
            <Companion id="12311" width="300" height="250" adSlotId="1" pxratio="1400">
              <StaticResource creativeType="image/png">
                <![CDATA[https://img.icons8.com/dusk/344/facebook-new--v2.png]]>
              </StaticResource>
              <CompanionClickThrough>
                <![CDATA[https://iabtechlab.com]]>
              </CompanionClickThrough>
              <AdParameters>
                <![CDATA[{"show_after_vs":"2","show_for_after_ve":"0"}]]>
              </AdParameters>
            </Companion>
            <Companion id="123111" width="300" height="250" adSlotId="1" pxratio="1400">
              <StaticResource creativeType="image/png">
                <![CDATA[https://img.icons8.com/dusk/344/--tinder.png]]>
              </StaticResource>
              <CompanionClickThrough>
                <![CDATA[https://iabtechlab.com]]>
              </CompanionClickThrough>
              <AdParameters>
                <![CDATA[{"show_after_vs":"0","show_for_after_ve":"5"}]]>
              </AdParameters>
            </Companion>
            <Companion id="1232" width="300" height="250" adSlotId="1232" pxratio="1400">
              <StaticResource creativeType="image/png">
                <![CDATA[https://img.icons8.com/dotty/344/image--v1.png]]>
              </StaticResource>
              <CompanionClickThrough>
                <![CDATA[https://iabtechlab.com]]>
              </CompanionClickThrough>
              <AdParameters>
                <![CDATA[{"show_after_vs":"0","show_for_after_ve":"0"}]]>
              </AdParameters>
            </Companion>
            <Companion id="12322" width="300" height="250" adSlotId="1232" pxratio="1400">
              <StaticResource creativeType="image/png">
                <![CDATA[https://img.icons8.com/dusk/344/about.png]]>
              </StaticResource>
              <CompanionClickThrough>
                <![CDATA[https://iabtechlab.com]]>
              </CompanionClickThrough>
              <AdParameters>
                <![CDATA[{"show_after_vs":"0","show_for_after_ve":"0"}]]>
              </AdParameters>
            </Companion>
            <Companion id="1233" width="300" height="250" adSlotId="1233" pxratio="1400">
              <StaticResource creativeType="image/png">
                <![CDATA[https://img.icons8.com/dusk/344/toolbox.png]]>
              </StaticResource>
              <CompanionClickThrough>
                <![CDATA[https://iabtechlab.com]]>
              </CompanionClickThrough>
              <AdParameters>
                <![CDATA[{"show_after_vs":"0","show_for_after_ve":"0"}]]>
              </AdParameters>
            </Companion>
            <Companion id="12333" width="300" height="250" adSlotId="1233" pxratio="1400">
              <StaticResource creativeType="image/png">
                <![CDATA[https://ouch-cdn2.icons8.com/fePIngIdm2KVsr6HhBi9LM-q7oyMRhf3pUVeKc35Y08/rs:fit:256:214/czM6Ly9pY29uczgu/b3VjaC1wcm9kLmFz/c2V0cy9zdmcvNzM0/L2RlNjQyYTQyLWI3/NmMtNDBhYi1hYmQ2/LWVkYWRkYjExNTUy/MC5zdmc.png]]>
              </StaticResource>
              <CompanionClickThrough>
                <![CDATA[https://iabtechlab.com]]>
              </CompanionClickThrough>
              <AdParameters>
                <![CDATA[{"show_after_vs":"0","show_for_after_ve":"0"}]]>
              </AdParameters>
            </Companion>
          </CompanionAds>
          <UniversalAdId idRegistry="Ad-ID" idValue="8465">8465</UniversalAdId>
        </Creative>
        <Creative id="5480" sequence="1" adId="2447226">
          <Linear>
            <TrackingEvents>
              <Tracking event="start">http://example.com/tracking/start</Tracking>
              <Tracking event="firstQuartile">http://example.com/tracking/firstQuartile</Tracking>
              <Tracking event="midpoint">http://example.com/tracking/midpoint</Tracking>
              <Tracking event="thirdQuartile">http://example.com/tracking/thirdQuartile</Tracking>
              <Tracking event="complete">http://example.com/tracking/complete</Tracking>
              <Tracking event="progress" offset="00:00:10">http://example.com/tracking/progress-10</Tracking>
            </TrackingEvents>
            <Duration>00:00:16</Duration>
            <MediaFiles>
              <MediaFile id="5241" delivery="progressive" type="video/mp4" bitrate="2000" width="1280" height="720" minBitrate="1500" maxBitrate="2500" scalable="1" maintainAspectRatio="1" codec="H.264">
                <![CDATA[https://mercury.akamaized.net/jioMercury/stg/v/8129/20220202062449_mvpfid_4.mp4]]>
              </MediaFile>
              <MediaFile id="5244" delivery="progressive" type="video/mp4" bitrate="1000" width="854" height="480" minBitrate="700" maxBitrate="1500" scalable="1" maintainAspectRatio="1" codec="H.264">
                <![CDATA[https://mercury.akamaized.net/jioMercury/stg/v/8129/20220202062449_mvpfid_4.mp4]]>
              </MediaFile>
              <MediaFile id="5246" delivery="progressive" type="video/mp4" bitrate="600" width="640" height="360" minBitrate="500" maxBitrate="700" scalable="1" maintainAspectRatio="1" codec="H.264">
                <![CDATA[https://mercury.akamaized.net/jioMercury/stg/v/8129/20220202062449_mvpfid_4.mp4]]>
              </MediaFile>
            </MediaFiles>
            <VideoClicks>
              <ClickThrough id="blog">
                <![CDATA[https://iabtechlab.com]]>
              </ClickThrough>
            </VideoClicks>
          </Linear>
          <UniversalAdId idRegistry="Ad-ID" idValue="8465">8465</UniversalAdId>
        </Creative>
      </Creatives>
      <Description>
        <![CDATA[This is sample companion ad tag with Linear ad tag. This tag while showing video ad on the player, will show a companion ad beside the player where it can be fitted. At most 3 companion ads can be placed. Modify accordingly to see your own content. ]]>
      </Description>
    </InLine>
  </Ad>
</VAST>
